1,google.com
2,netflix.com
3,www.google.com
4,api-global.netflix.com
5,microsoft.com
6,facebook.com
7,doubleclick.net
8,g.doubleclick.net
9,googleads.g.doubleclick.net
10,google-analytics.com
11,clients4.google.com
12,www.facebook.com
13,safebrowsing.googleapis.com
14,www.googleapis.com
15,hola.org
16,dns-test1.hola.org
17,apple.com
18,googleadservices.com
19,www.google-analytics.com
20,youtube.com
21,googleusercontent.com
22,data.microsoft.com
23,www.googleadservices.com
24,googlesyndication.com
25,fonts.googleapis.com
26,graph.facebook.com
27,live.com
28,amazonaws.com
29,fbcdn.net
30,clientservices.googleapis.com
31,pagead2.googlesyndication.com
32,www.youtube.com
33,settings-win.data.microsoft.com
34,clients1.google.com
35,xx.fbcdn.net
36,ytimg.com
37,bing.com
38,accounts.google.com
39,ichnaea.netflix.com
40,apis.google.com
41,facebook.net
42,connect.facebook.net
43,yahoo.com
44,akamaiedge.net
45,adservice.google.com
46,play.google.com
47,i.ytimg.com
48,mtalk.google.com
49,akadns.net
50,twitter.com
51,stats.g.doubleclick.net
52,securepubads.g.doubleclick.net
53,tpc.googlesyndication.com
54,lh3.googleusercontent.com
55,icloud.com
56,scorecardresearch.com
57,www.apple.com
58,com.akadns.net
59,cm.g.doubleclick.net
60,clients.google.com
61,play.googleapis.com
62,vortex-win.data.microsoft.com
63,ssl.google-analytics.com
64,msn.com
65,adnxs.com
66,android.clients.google.com
67,itunes.apple.com
68,crl.microsoft.com
69,ggpht.com
70,push.apple.com
71,clients2.google.com
72,l.google.com
73,symcd.com
74,secure.netflix.com
75,officeapps.live.com
76,googlevideo.com
77,ipv6.microsoft.com
78,2mdn.net
79,instagram.com
80,googletagservices.com
81,www.googletagservices.com
82,notifications.google.com
83,skype.com
84,edge-mqtt.facebook.com
85,ajax.googleapis.com
86,googletagmanager.com
87,www.googletagmanager.com
88,clients3.google.com
89,ad.doubleclick.net
90,s0.2mdn.net
91,crashlytics.com
92,rubiconproject.com
93,apple-dns.net
94,fe.apple-dns.net
95,v10.vortex-win.data.microsoft.com
96,translate.googleapis.com
97,ls.apple.com
98,update.microsoft.com
99,scontent.xx.fbcdn.net
100,digicert.com
101,login.live.com
102,appboot.netflix.com
103,msftncsi.com
104,sb.scorecardresearch.com
105,advertising.com
106,time-ios.apple.com
107,bluekai.com
108,update.googleapis.com
109,akamai.net
110,www.icloud.com
111,www.bing.com
112,staticxx.facebook.com
113,nexusrules.officeapps.live.com
114,adsrvr.org
115,googleads4.g.doubleclick.net
116,openx.net
117,ogs.google.com
118,init-p01st.push.apple.com
119,ntp.org
120,demdex.net
121,pool.ntp.org
122,nexus.officeapps.live.com
123,casalemedia.com
124,criteo.com
125,ib.adnxs.com
126,ocsp.digicert.com
127,moatads.com
128,office365.com
129,mathtag.com
130,everesttech.net
131,weather.microsoft.com
132,dsce9.akamaiedge.net
133,e6858.dsce9.akamaiedge.net
134,nccp.netflix.com
135,msedge.net
136,match.adsrvr.org
137,tools.google.com
138,tags.bluekai.com
139,whatsapp.net
140,mail.google.com
141,rlcdn.com
142,quantserve.com
143,settings.crashlytics.com
144,twimg.com
145,aaplimg.com
146,g.aaplimg.com
147,mp.microsoft.com
148,init.itunes.apple.com
149,bidswitch.net
150,dpm.demdex.net
151,addthis.com
152,clients6.google.com
153,pixel.rubiconproject.com
154,pubads.g.doubleclick.net
155,edge.skype.com
156,agkn.com
157,x.bidswitch.net
158,clients5.google.com
159,nrdp.nccp.netflix.com
160,a.akamaiedge.net
161,cloudflare.com
162,platform.twitter.com
163,us-u.openx.net
164,fe2.update.microsoft.com
165,c10r.facebook.com
166,idsync.rlcdn.com
167,dns.msftncsi.com
168,yt3.ggpht.com
169,comodoca.com
170,pubmatic.com
171,s.ytimg.com
172,configuration.apple.com
173,windowsupdate.com
174,outlook.com
175,tile-service.weather.microsoft.com
176,cdnjs.cloudflare.com
177,aria.microsoft.com
178,pipe.aria.microsoft.com
179,static.xx.fbcdn.net
180,e9.akamaiedge.net
181,static.doubleclick.net
182,app-measurement.com
183,outlook.office365.com
184,mookie1.com
185,adobe.com
186,sync.mathtag.com
187,xp.apple.com
188,fna.fbcdn.net
189,guzzoni.apple.com
190,graph.instagram.com
191,secure.adnxs.com
192,amazon-adsystem.com
193,onenote.net
194,cdn.onenote.net
195,taboola.com
196,tapad.com
197,config.edge.skype.com
198,akamaihd.net
199,e.crashlytics.com
200,mqtt-mini.facebook.com
201,rfihub.com
202,krxd.net
203,smoot.apple.com
204,lh5.googleusercontent.com
205,teredo.ipv6.microsoft.com
206,nr-data.net
207,bam.nr-data.net
208,imrworldwide.com
209,d.agkn.com
210,pki.google.com
211,adsymptotic.com
212,syndication.twitter.com
213,gmail.com
214,e4478.a.akamaiedge.net
215,amazon.com
216,turn.com
217,aa.agkn.com
218,adsafeprotected.com
219,gvt1.com
220,linkedin.com
221,gsp64-ssl.ls.apple.com
222,cms.msn.com
223,prod.cms.msn.com
224,pixel.advertising.com
225,content.prod.cms.msn.com
226,cdn.content.prod.cms.msn.com
227,client-channel.google.com
228,p.adsymptotic.com
229,adform.net
230,windows.com
231,p.rfihub.com
232,z.moatads.com
233,criteo.net
234,px.moatads.com
235,windows.net
236,btrll.com
237,serving-sys.com
238,ybp.yahoo.com
239,pinterest.com
240,newrelic.com
241,go.microsoft.com
242,adaptv.advertising.com
243,ads.yahoo.com
244,gs-loc.apple.com
245,stags.bluekai.com
246,b.scorecardresearch.com
247,client-office365-tas.msedge.net
248,crwdcntrl.net
249,b-api.facebook.com
250,plus.google.com
251,lh4.googleusercontent.com
252,beacon.krxd.net
253,exelator.com
254,pr-bh.ybp.yahoo.com
255,docs.google.com
256,ade.googlesyndication.com
257,us-east-1.elb.amazonaws.com
258,time-ios.g.aaplimg.com
259,w55c.net
260,static.criteo.net
261,c.bing.com
262,l.doubleclick.net
263,mmg.whatsapp.net
264,symcb.com
265,geo-um.btrll.com
266,pixel.quantserve.com
267,contextweb.com
268,nexac.com
269,edgekey.net
270,opendns.com
271,dt.adsafeprotected.com
272,atdmt.com
273,js-agent.newrelic.com
274,analytics.yahoo.com
275,mesu.apple.com
276,bcp.crwdcntrl.net
277,com.edgekey.net
278,odr.mookie1.com
279,android.pool.ntp.org
280,2.android.pool.ntp.org
281,spotxchange.com
282,search.spotxchange.com
283,dotomi.com
284,star.c10r.facebook.com
285,outbrain.com
286,bs.serving-sys.com
287,gsp-ssl.ls.apple.com
288,sync.adaptv.advertising.com
289,ctldl.windowsupdate.com
290,imap.gmail.com
291,sync-tm.everesttech.net
292,pixel.tapad.com
293,dropbox.com
294,maps.googleapis.com
295,trc.taboola.com
296,dsp.mp.microsoft.com
297,bootstrapcdn.com
298,mobile.pipe.aria.microsoft.com
299,adtechus.com
300,sync.search.spotxchange.com
301,fastly.net
302,bh.contextweb.com
303,imasdk.googleapis.com
304,b-graph.facebook.com
305,pixel.mathtag.com
306,lijit.com
307,pixel.adsafeprotected.com
308,akamaized.net
309,lh6.googleusercontent.com
310,i9.ytimg.com
311,sr.symcd.com
312,gvt2.com
313,c1.adform.net
314,do.dsp.mp.microsoft.com
315,drive.google.com
316,ls-apple.com.akadns.net
317,redirector.gvt1.com
318,dsx.mp.microsoft.com
319,sitescout.com
320,youtubei.googleapis.com
321,doubleverify.com
322,loadm.exelator.com
323,godaddy.com
324,gcp.gvt2.com
325,pixel.everesttech.net
326,wns.windows.com
327,pbs.twimg.com
328,1rx.io
329,ssum-sec.casalemedia.com
330,itunes-apple.com.akadns.net
331,googleapis.l.google.com
332,beacons.gcp.gvt2.com
333,fls.doubleclick.net
334,icloud.com.akadns.net
335,ace.advertising.com
336,gateway.fe.apple-dns.net
337,smartadserver.com
338,tidaltv.com
339,apple.com.edgekey.net
340,maxcdn.bootstrapcdn.com
341,nflxso.net
342,play.itunes.apple.com
343,ocsp.comodoca.com
344,cloudconfig.googleapis.com
345,star-mini.c10r.facebook.com
346,roaming.officeapps.live.com
347,office.com
348,g.akamaiedge.net
349,sync.1rx.io
350,s.amazon-adsystem.com
351,sync.tidaltv.com
352,www.linkedin.com
353,tapestry.tapad.com
354,nexage.com
355,arc.msn.com
356,msftconnecttest.com
357,pixel-a.sitescout.com
358,yimg.com
359,android.googleapis.com
360,mixpanel.com
361,cdninstagram.com
362,urs.microsoft.com
363,www.msftconnecttest.com
364,dis.criteo.com
365,1.nflxso.net
366,fbsbx.com
367,image2.pubmatic.com
368,gwallet.com
369,ad.atdmt.com
370,ocsp.godaddy.com
371,avast.com
372,pxl.ace.advertising.com
373,analytics.twitter.com
374,i1.ytimg.com
375,omtrdc.net
376,safebrowsing.google.com
377,www-cdn.icloud.com.akadns.net
378,entrust.net
379,telemetry.microsoft.com
380,ocsp.entrust.net
381,teads.tv
382,s.yimg.com
383,acdn.adnxs.com
384,pki.goog
385,ums.adtechus.com
386,bat.bing.com
387,simage2.pubmatic.com
388,geo.moatads.com
389,quantcount.com
390,iecvlist.microsoft.com
391,api.mixpanel.com
392,client.wns.windows.com
393,static.adsafeprotected.com
394,jquery.com
395,chartbeat.net
396,dsum-sec.casalemedia.com
397,code.jquery.com
398,pm.w55c.net
399,login.windows.net
400,sls.update.microsoft.com
401,d.turn.com
402,simpli.fi
403,snapchat.com
404,mozilla.com
405,usertrust.com
406,truste.com
407,s1.2mdn.net
408,dlx.addthis.com
409,cdn.krxd.net
410,services.mozilla.com
411,cdn.doubleverify.com
412,cl3.apple.com
413,l.googleusercontent.com
414,bid.g.doubleclick.net
415,r.turn.com
416,ping.chartbeat.net
417,liadm.com
418,m.adnxs.com
419,rtb-csync.smartadserver.com
420,su.addthis.com
421,storage.googleapis.com
422,secure-us.imrworldwide.com
423,0.client-channel.google.com
424,connexity.net
425,rp.gwallet.com
426,ess.apple.com
427,api.facebook.com
428,www-google-analytics.l.google.com
429,media6degrees.com
430,e2842.e9.akamaiedge.net
431,t.co
432,optimizely.com
433,i.instagram.com
434,globalsign.com
435,www.microsoft.com
436,tps30.doubleverify.com
437,secure-ds.serving-sys.com
438,um.simpli.fi
439,betrad.com
440,yahoodns.net
441,macromedia.com
442,livetileedge.dsx.mp.microsoft.com
443,pagead46.l.doubleclick.net
444,weather.com
445,crl.comodoca.com
446,ff.avast.com
447,storeedgefd.dsx.mp.microsoft.com
448,gum.criteo.com
449,e.nexac.com
450,adhigh.net
451,nflximg.com
452,download.windowsupdate.com
453,secure-gl.imrworldwide.com
454,s2.symcb.com
455,flurry.com
456,cdn.optimizely.com
457,i.liadm.com
458,fw.adsafeprotected.com
459,configuration.apple.com.edgekey.net
460,px.adhigh.net
461,usermatch.krxd.net
462,walmart.com
463,ib-ibi.com
464,yandex.ru
465,adap.tv
466,microsoftonline.com
467,360yield.com
468,stickyadstv.com
469,init.ess.apple.com
470,ad.360yield.com
471,sp.analytics.yahoo.com
472,d.dropbox.com
473,w.org
474,s.w.org
475,mqtt.c10r.facebook.com
476,ads.pubmatic.com
477,ads.stickyadstv.com
478,thebrighttag.com
479,fb.com
480,www.amazon.com
481,cm.everesttech.net
482,s7.addthis.com
483,login.microsoftonline.com
484,gateway.icloud.com
485,smaato.net
486,s.thebrighttag.com
487,m.addthis.com
488,global.ib-ibi.com
489,pxl.connexity.net
490,c.betrad.com
491,ss.symcd.com
492,fpdownload.macromedia.com
493,www.instagram.com
494,bidr.io
495,live.net
496,prod.bidr.io
497,iasds01.com
498,www3.l.google.com
499,cms.quantserve.com
500,msocsp.com
501,ocsp.msocsp.com
502,c.amazon-adsystem.com
503,rules.quantcount.com
504,shavar.services.mozilla.com
505,ocsp.pki.goog
506,match.prod.bidr.io
507,sync.teads.tv
508,e5153.e9.akamaiedge.net
509,sc-analytics.appspot.com
510,sc.iasds01.com
511,beacon.walmart.com
512,portal.fb.com
513,android.com
514,choices.truste.com
515,hangouts.google.com
516,trustarc.com
517,www.msn.com
518,app-analytics.snapchat.com
519,cdn.adnxs.com
520,e673.e9.akamaiedge.net
521,powerlinks.com
522,owneriq.net
523,px.powerlinks.com
524,3lift.com
525,cdn3.doubleverify.com
526,sharethrough.com
527,pancake.apple.com
528,autodiscover-s.outlook.com
529,ocos-office365-s2s.msedge.net
530,usync.nexage.com
531,appsflyer.com
532,adjust.com
533,x.dlx.addthis.com
534,oem.twimg.com
535,px.owneriq.net
536,mail.yahoo.com
537,api.weather.com
538,api.smoot.apple.com
539,gravatar.com
540,ad.turn.com
541,l.betrad.com
542,choices-or.trustarc.com
543,config.skype.com
544,ksmobile.com
545,sync.adap.tv
546,connectivitycheck.android.com
547,app.adjust.com
548,createjs.com
549,code.createjs.com
550,hydra.opendns.com
551,sync.hydra.opendns.com
552,tiqcdn.com
553,cdn-0.nflximg.com
554,chartbeat.com
555,redirector.googlevideo.com
556,tags.tiqcdn.com
557,gn.symcd.com
558,id.google.com
559,partnerad.l.doubleclick.net
560,domdex.com
561,pagead.l.doubleclick.net
562,addthisedge.com
563,m.addthisedge.com
564,flashtalking.com
565,symantec.com
566,t.domdex.com
567,edgesuite.net
568,sync.outbrain.com
569,bolt.dropbox.com
570,static.chartbeat.com
571,fastlane.rubiconproject.com
572,adobedtm.com
573,assets.adobedtm.com
574,magnetic.t.domdex.com
575,gsp64-ssl.ls-apple.com.akadns.net
576,hotjar.com
577,ce.lijit.com
578,i.w55c.net
579,client-cf.dropbox.com
580,t.mookie1.com
581,us.criteo.com
582,nflxvideo.net
583,cms.analytics.yahoo.com
584,gspe35-ssl.ls.apple.com
585,data.flurry.com
586,1.oca.nflxvideo.net
587,oca.nflxvideo.net
588,netmng.com
589,browser.pipe.aria.microsoft.com
590,ocsp2.globalsign.com
591,ipredictive.com
592,ssl-images-amazon.com
593,idpix.media6degrees.com
594,afy11.net
595,ads.linkedin.com
596,sync.ipredictive.com
597,guzzoni-apple.com.akadns.net
598,cdn.taboola.com
599,aax.amazon-adsystem.com
600,ad.afy11.net
601,app.snapchat.com
602,syndication.twimg.com
603,gumgum.com
604,cdn.syndication.twimg.com
605,c.urs.microsoft.com
606,dl-debug.dropbox.com
607,safebrowsing-cache.google.com
608,token.rubiconproject.com
609,gspe1-ssl.ls.apple.com
610,choices.trustarc.com
611,plus.l.google.com
612,people-pa.clients6.google.com
613,ampproject.org
614,images-na.ssl-images-amazon.com
615,googleadapis.l.google.com
616,widgets.outbrain.com
617,youtube-ui.l.google.com
618,static.hotjar.com
619,www.msftncsi.com
620,dart.l.doubleclick.net
621,m.facebook.com
622,adadvisor.net
623,ml314.com
624,images.taboola.com
625,zemanta.com
626,mxptint.net
627,eyeota.net
628,ps.eyeota.net
629,iphonesubmissions.apple.com
630,bidder.criteo.com
631,dc.ads.linkedin.com
632,query.yahoo.com
633,tlg.mookie1.com
634,stats.l.doubleclick.net
635,pixel.facebook.com
636,api.bing.com
637,servedby.flashtalking.com
638,win10.ipv6.microsoft.com
639,eas.outlook.com
640,ipv6.msftncsi.com
641,com.edgesuite.net
642,origin-apple.com.akadns.net
643,mopub.com
644,e.akamai.net
645,a248.e.akamai.net
646,insightexpressai.com
647,rtb.gumgum.com
648,office.net
649,init-p01md.apple.com
650,secure.insightexpressai.com
651,ocsp.usertrust.com
652,ssl-google-analytics.l.google.com
653,eyeviewads.com
654,rundsp.com
655,cw.addthis.com
656,insight.adsrvr.org
657,track.eyeviewads.com
658,pagead-googlehosted.l.google.com
659,b1sync.zemanta.com
660,ads.mopub.com
661,innovid.com
662,sc.omtrdc.net
663,match.rundsp.com
664,angsrvr.com
665,eu.angsrvr.com
666,convertro.com
667,sp1.convertro.com
668,rtb0.doubleverify.com
669,adgrx.com
670,adbrn.com
671,moatpixel.com
672,s.moatpixel.com
673,sp.adbrn.com
674,origin.guzzoni-apple.com.akadns.net
675,t.appsflyer.com
676,images.outbrain.com
677,image6.pubmatic.com
678,dyntrk.com
679,ads-twitter.com
680,static.ads-twitter.com
681,cdn.ampproject.org
682,vars.hotjar.com
683,rtb.openx.net
684,match.sharethrough.com
685,mvm.snapchat.com
686,lithium.facebook.com
687,mesu.g.aaplimg.com
688,storage.live.com
689,tribalfusion.com
690,accuweather.com
691,r.nexac.com
692,cl2.apple.com
693,global.fastly.net
694,ap.lijit.com
695,e7.akamaiedge.net
696,googlehosted.l.googleusercontent.com
697,s.youtube.com
698,e1879.e7.akamaiedge.net
699,aol.com
700,mozilla.org
701,log.outbrain.com
702,media.net
703,optimized-by.rubiconproject.com
704,odc.officeapps.live.com
705,typekit.net
706,clients.l.google.com
707,wayfair.com
708,mythings.com
709,itunes.apple.com.edgekey.net
710,pinimg.com
711,amazontrust.com
712,load.s3.amazonaws.com
713,us-west-2.elb.amazonaws.com
714,chat.snapchat.com
715,cwkuki.com
716,letsencrypt.org
717,int-x3.letsencrypt.org
718,tt.omtrdc.net
719,armmf.adobe.com
720,bttrack.com
721,bidi-geo.mythings.com
722,t.wayfair.com
723,spotify.com
724,baidu.com
725,ocsp.int-x3.letsencrypt.org
726,vindicosuite.com
727,phicdn.net
728,verisign.com
729,playatoms-pa.googleapis.com
730,ssl.fastly.net
731,gp.symcd.com
732,bizographics.com
733,wac.phicdn.net
734,1-courier.push.apple.com
735,delivery.mp.microsoft.com
736,eb2.3lift.com
737,wp.com
738,img-s-msn-com.akamaized.net
739,service.weather.microsoft.com
740,cs9.wac.phicdn.net
741,gcdn.2mdn.net
742,yieldmo.com
743,loadus.exelator.com
744,odb.outbrain.com
745,eu.criteo.net
746,shared.global.fastly.net
747,geover-prod.do.dsp.mp.microsoft.com
748,api.accuweather.com
749,client.dropbox.com
750,b.akamaiedge.net
751,tremorhub.com
752,geo-prod.do.dsp.mp.microsoft.com
753,appex.bing.com
754,sonobi.com
755,go.sonobi.com
756,eu-west-1.elb.amazonaws.com
757,cdn.flashtalking.com
758,a.rfihub.com
759,block.dropbox.com
760,cdn.adsafeprotected.com
761,firefox.com
762,sca1b.amazontrust.com
763,licdn.com
764,qq.com
765,captive.apple.com
766,client-lb.dropbox.com
767,lkqd.net
768,contextual.media.net
769,ag.innovid.com
770,adition.com
771,a.tribalfusion.com
772,adfarm1.adition.com
773,mpp.vindicosuite.com
774,e9.whatsapp.net
775,e1.whatsapp.net
776,e5.whatsapp.net
777,e8.whatsapp.net
778,e6.whatsapp.net
779,tubemogul.com
780,e4.whatsapp.net
781,e7.whatsapp.net
782,tap2-cdn.rubiconproject.com
783,e15.whatsapp.net
784,e11.whatsapp.net
785,e16.whatsapp.net
786,e14.whatsapp.net
787,e13.whatsapp.net
788,e3.whatsapp.net
789,wordpress.com
790,e12.whatsapp.net
791,e10.whatsapp.net
792,e2.whatsapp.net
793,skimresources.com
794,rrc.rlcdn.com
795,pippio.com
796,impdesk.com
797,mc.yandex.ru
798,instagram.c10r.facebook.com
799,p.typekit.net
800,dsum.casalemedia.com
801,yandex.net
802,dsp.io
803,sb.l.google.com
804,a.config.skype.com
805,alephd.com
806,rayjump.com
807,watson.telemetry.microsoft.com
808,aax-us-east.amazon-adsystem.com
809,ads.adaptv.advertising.com
810,adroll.com
811,pix.impdesk.com
812,anycast.adnxs.com
813,ads.yieldmo.com
814,cm.adgrx.com
815,sy.eu.angsrvr.com
816,officeclient.microsoft.com
817,gvt3.com
818,beacons5.gvt3.com
819,fyber.com
820,nym1-ib.adnxs.com
821,ib.anycast.adnxs.com
822,messenger.live.com
823,vk.com
824,dsp.adfarm1.adition.com
825,image4.pubmatic.com
826,geo.yahoo.com
827,ocsp.apple.com
828,www-googletagmanager.l.google.com
829,logx.optimizely.com
830,eicm-global.dsp.io
831,customerevents.netflix.com
832,beap-bc.yahoo.com
833,mzstatic.com
834,detectportal.firefox.com
835,ocsp.sca1b.amazontrust.com
836,snapads.com
837,soma.smaato.net
838,adserver.snapads.com
839,extend.tv
840,mozaws.net
841,prod.mozaws.net
842,maps.google.com
843,id.rlcdn.com
844,fe3.delivery.mp.microsoft.com
845,b.config.skype.com
846,api.twitter.com
847,assets.pinterest.com
848,d.adroll.com
849,cdn-apple.com.akadns.net
850,www.yahoo.com
851,eu-u.openx.net
852,digitru.st
853,pancake.cdn-apple.com.akadns.net
854,sfx.ms
855,x.akamaiedge.net
856,ads.scorecardresearch.com
857,licensing.mp.microsoft.com
858,ocsp.verisign.com
859,accounts.youtube.com
860,creative-serving.com
861,ads.creative-serving.com
862,revsci.net
863,cesna-killswitch.dropbox.com
864,c.2mdn.net
865,atwola.com
866,ytimg.l.google.com
867,at.atwola.com
868,static.eu.criteo.net
869,photos-ugc.l.googleusercontent.com
870,ads.rubiconproject.com
871,mtalk4.google.com
872,oneclient.sfx.ms
873,ru4.com
874,ib.mookie1.com
875,google.com.br
876,bfmio.com
877,video-ad-stats.googlesyndication.com
878,xp1.ru4.com
879,adtech.advertising.com
880,cmcm.com
881,g.akamai.net
882,us-west-1.elb.amazonaws.com
883,translate.google.com
884,www.bizographics.com
885,ads.flurry.com
886,match.taboola.com
887,omnitagjs.com
888,us.criteo.net
889,sslwidget.criteo.com
890,vidible.tv
891,netseer.com
892,adserver.adtechus.com
893,secure.quantserve.com
894,g2.symcb.com
895,cache.l.google.com
896,safebrowsing.cache.l.google.com
897,use.typekit.net
898,bsw.digitru.st
899,b.akamai.net
900,otf.msn.com
901,courier-push-apple.com.akadns.net
902,voicefive.com
903,ad.crwdcntrl.net
904,ksmobile.net
905,samsungapps.com
906,shavar.prod.mozaws.net
907,cl3-cdn.origin-apple.com.akadns.net
908,semasio.net
909,springserve.com
910,globalsign.net
911,crl.globalsign.net
912,postrelease.com
913,ssum.casalemedia.com
914,jivox.com
915,us1.dyntrk.com
916,sharethis.com
917,xboxlive.com
918,metaservices.microsoft.com
919,appex-rf.msn.com
920,go-mpulse.net
921,rtbcc.fyber.com
922,disqus.com
923,bit.ly
924,d.akamai.net
925,setup.icloud.com
926,visitor.omnitagjs.com
927,www.pinterest.com
928,aktrack.pubmatic.com
929,mediaplex.com
930,c.go-mpulse.net
931,onaudience.com
932,pixel.onaudience.com
933,analytics.ff.avast.com
934,suggestqueries.google.com
935,settings.data.microsoft.com
936,sc-cdn.net
937,sync.extend.tv
938,gateway.messenger.live.com
939,rtax.criteo.com
940,usc.adserver.snapads.com
941,cache.btrll.com
942,jadserve.postrelease.com
943,v20.vortex-win.data.microsoft.com
944,c.msn.com
945,res.office365.com
946,sb.voicefive.com
947,branch.io
948,tile.appex.bing.com
949,tags.mathtag.com
950,stats.appsflyer.com
951,s-msn.com
952,userreport.com
953,pagead2.googleadservices.com
954,pps.whatsapp.net
955,xp.itunes-apple.com.akadns.net
956,cosy.smaato.net
957,a3cloud.net
958,adrta.com
959,g4.akamai.net
960,rc.rlcdn.com
961,indexww.com
962,adserver-us.adtech.advertising.com
963,api.branch.io
964,yahooapis.com
965,adentifi.com
966,aolcdn.com
967,p.nexac.com
968,socdm.com
969,mail.ru
970,erne.co
971,samsung.com
972,green.erne.co
973,pr.ybp.yahoo.com
974,abs.twimg.com
975,www.google.com.br
976,cse.google.com
977,media-amazon.com
978,smartclip.net
979,tellapart.com
980,ksd.akamaiedge.net
981,leadback.advertising.com
982,netdna-cdn.com
983,gsp10-ssl.apple.com
984,flickr.com
985,use-tor.adsrvr.org
986,duapps.com
987,as-sec.casalemedia.com
988,g.cwkuki.com
989,urbanairship.com
990,myvisualiq.net
991,sxp.smartclip.net
992,wikipedia.org
993,tap.rubiconproject.com
994,sandbox.push.apple.com
995,script.hotjar.com
996,ad.sxp.smartclip.net
997,rtb.adentifi.com
998,dh.serving-sys.com
999,teamviewer.com
1000,img-prod-cms-rt-microsoft-com.akamaized.net