1,google.com
2,youtube.com
3,facebook.com
4,baidu.com
5,wikipedia.org
6,yahoo.com
7,google.co.in
8,reddit.com
9,qq.com
10,taobao.com
11,amazon.com
12,tmall.com
13,twitter.com
14,vk.com
15,google.co.jp
16,live.com
17,instagram.com
18,sohu.com
19,jd.com
20,sina.com.cn
21,weibo.com
22,360.cn
23,google.de
24,google.co.uk
25,google.com.br
26,google.fr
27,list.tmall.com
28,google.ru
29,linkedin.com
30,yandex.ru
31,netflix.com
32,google.it
33,google.es
34,google.com.hk
35,yahoo.co.jp
36,google.com.mx
37,pornhub.com
38,bing.com
39,google.ca
40,twitch.tv
41,ebay.com
42,alipay.com
43,xvideos.com
44,t.co
45,imgur.com
46,ok.ru
47,wordpress.com
48,msn.com
49,office.com
50,microsoft.com
51,aliexpress.com
52,mail.ru
53,hao123.com
54,livejasmin.com
55,tumblr.com
56,microsoftonline.com
57,imdb.com
58,csdn.net
59,apple.com
60,blogspot.com
61,stackoverflow.com
62,google.com.au
63,google.com.tr
64,wikia.com
65,amazon.co.jp
66,deloton.com
67,detail.tmall.com
68,google.com.tw
69,github.com
70,paypal.com
71,whatsapp.com
72,google.co.id
73,google.pl
74,popads.net
75,xhamster.com
76,pinterest.com
77,espn.com
78,adobe.com
79,coccoc.com
80,bongacams.com
81,diply.com
82,google.com.ar
83,googleusercontent.com
84,amazon.in
85,dropbox.com
86,amazon.de
87,mozilla.org
88,so.com
89,txxx.com
90,google.com.ua
91,nicovideo.jp
92,xnxx.com
93,google.com.pk
94,amazon.co.uk
95,tianya.cn
96,uptodown.com
97,pixnet.net
98,soso.com
99,savefrom.net
100,google.com.eg
101,bbc.co.uk
102,bbc.com
103,google.com.sa
104,craigslist.org
105,google.co.th
106,thepiratebay.org
107,cnn.com
108,rakuten.co.jp
109,google.nl
110,ask.com
111,soundcloud.com
112,nytimes.com
113,google.co.ve
114,tribunnews.com
115,amazonaws.com
116,naver.com
117,google.co.za
118,onlinesbi.com
119,youth.cn
120,booking.com
121,salesforce.com
122,ebay.de
123,detik.com
124,xinhuanet.com
125,stackexchange.com
126,thestartmagazine.com
127,hicpm5.com
128,blogger.com
129,theguardian.com
130,quora.com
131,zhihu.com
132,vimeo.com
133,nih.gov
134,ettoday.net
135,spotify.com
136,dailymotion.com
137,fc2.com
138,gmw.cn
139,google.co.kr
140,slideshare.net
141,google.gr
142,openload.co
143,chase.com
144,google.com.ph
145,google.com.sg
146,avito.ru
147,vice.com
148,chaturbate.com
149,google.se
150,fbcdn.net
151,ebay.co.uk
152,aparat.com
153,google.be
154,google.co.ao
155,doubleclick.net
156,flipkart.com
157,mediafire.com
158,roblox.com
159,google.cn
160,google.com.co
161,cnet.com
162,softonic.com
163,cloudfront.net
164,providr.com
165,dailymail.co.uk
166,globo.com
167,blastingnews.com
168,indeed.com
169,steamcommunity.com
170,google.az
171,douyu.com
172,pinimg.com
173,iwanttodeliver.com
174,onoticioso.com
175,force.com
176,adf.ly
177,alibaba.com
178,buzzfeed.com
179,google.at
180,uol.com.br
181,china.com
182,google.com.ng
183,godaddy.com
184,babytree.com
185,higheurest.com
186,deviantart.com
187,w3schools.com
188,twimg.com
189,wikihow.com
190,tokopedia.com
191,washingtonpost.com
192,walmart.com
193,1688.com
194,etsy.com
195,discordapp.com
196,4chan.org
197,google.com.vn
198,redd.it
199,ladbible.com
200,scribd.com
201,mercadolivre.com.br
202,messenger.com
203,google.ch
204,bet9ja.com
205,slack.com
206,abs-cbn.com
207,people.com.cn
208,google.pt
209,amazon.it
210,google.no
211,google.cz
212,sogou.com
213,google.com.pe
214,redtube.com
215,gfycat.com
216,google.cl
217,metropcs.mobi
218,amazon.fr
219,china.com.cn
220,yelp.com
221,google.ae
222,google.ro
223,mama.cn
224,steampowered.com
225,bp.blogspot.com
226,thepennyhoarder.com
227,dkn.tv
228,bankofamerica.com
229,39.net
230,forbes.com
231,hclips.com
232,onlinevideoconverter.com
233,cnblogs.com
234,breitbart.com
235,trello.com
236,myway.com
237,adexchangeperformance.com
238,youporn.com
239,thesaurus.com
240,wetransfer.com
241,ikea.com
242,wellsfargo.com
243,youm7.com
244,wikimedia.org
245,google.ie
246,bilibili.com
247,9gag.com
248,files.wordpress.com
249,mega.nz
250,kakaku.com
251,indiatimes.com
252,zipnoticias.com
253,bukalapak.com
254,researchgate.net
255,irctc.co.in
256,gearbest.com
257,dingit.tv
258,foxnews.com
259,google.dk
260,popcash.net
261,huffingtonpost.com
262,rarbg.to
263,spotscenered.info
264,yts.ag
265,liputan6.com
266,hulu.com
267,bitauto.com
268,newstrend.news
269,amazon.cn
270,caijing.com.cn
271,speedtest.net
272,google.dz
273,livejournal.com
274,ebay-kleinanzeigen.de
275,outbrain.com
276,aliyun.com
277,huanqiu.com
278,google.hu
279,leboncoin.fr
280,google.fi
281,blackboard.com
282,codeonclick.com
283,eastday.com
284,zillow.com
285,freepik.com
286,gostream.is
287,rambler.ru
288,gamepedia.com
289,wordreference.com
290,ltn.com.tw
291,shutterstock.com
292,asos.com
293,instructure.com
294,kompas.com
295,battle.net
296,aol.com
297,livedoor.com
298,archive.org
299,sberbank.ru
300,telegram.org
301,allegro.pl
302,nfl.com
303,digikala.com
304,weebly.com
305,zapmeta.ws
306,google.co.il
307,torrentz2.eu
308,tripadvisor.com
309,amazon.es
310,bestbuy.com
311,businessinsider.com
312,genius.com
313,kinopoisk.ru
314,1337x.to
315,subject.tmall.com
316,daum.net
317,leagueoflegends.com
318,zippyshare.com
319,mailchimp.com
320,ameblo.jp
321,coinmarketcap.com
322,ntd.tv
323,xfinity.com
324,weather.com
325,varzesh3.com
326,streamable.com
327,rutracker.org
328,goodreads.com
329,medium.com
330,hola.com
331,google.sk
332,gmx.net
333,ign.com
334,canva.com
335,web.de
336,olx.ua
337,setn.com
338,duckduckgo.com
339,sabah.com.tr
340,okdiario.com
341,buzzadnetwork.com
342,zendesk.com
343,amazon.ca
344,elpais.com
345,hitcpm.com
346,ouo.io
347,speakol.com
348,sourceforge.net
349,google.kz
350,skype.com
351,flickr.com
352,feedly.com
353,hotstar.com
354,ci123.com
355,reverso.net
356,spankbang.com
357,hdzog.com
358,target.com
359,sciencedirect.com
360,orange.fr
361,hp.com
362,kaskus.co.id
363,rednet.cn
364,kissanime.ru
365,wordpress.org
366,kapanlagi.com
367,userapi.com
368,airbnb.com
369,icloud.com
370,albawabhnews.com
371,fromdoctopdf.com
372,udemy.com
373,samsung.com
374,oracle.com
375,application-77my.com
376,haber7.com
377,rt.com
378,giphy.com
379,beeg.com
380,iqiyi.com
381,ouedkniss.com
382,ndtv.com
383,humblebundle.com
384,kinogo.club
385,merdeka.com
386,maka.im
387,usps.com
388,momoshop.com.tw
389,vidio.com
390,state.gov
391,americanexpress.com
392,google.com.kw
393,pages.tmall.com
394,gamefaqs.com
395,taleo.net
396,livedoor.jp
397,ups.com
398,hdfcbank.com
399,fiverr.com
400,capitalone.com
401,subscene.com
402,telegraph.co.uk
403,dmm.co.jp
404,onet.pl
405,dictionary.com
406,glassdoor.com
407,office365.com
408,ensonhaber.com
409,alicdn.com
410,youdao.com
411,go.com
412,siteadvisor.com
413,taboola.com
414,rottentomatoes.com
415,uidai.gov.in
416,rumble.com
417,naver.jp
418,mercadolibre.com.ar
419,independent.co.uk
420,intuit.com
421,seasonvar.ru
422,theepochtimes.com
423,google.co.nz
424,taringa.net
425,atlassian.net
426,tfetimes.com
427,theverge.com
428,pixabay.com
429,springer.com
430,accuweather.com
431,zoho.com
432,yadi.sk
433,iqoption.com
434,bet365.com
435,box.com
436,prezi.com
437,doublepimp.com
438,homedepot.com
439,line.me
440,convert2mp3.net
441,wix.com
442,wp.pl
443,free.fr
444,bloomberg.com
445,pipeschannels.com
446,vporn.com
447,nba.com
448,cricbuzz.com
449,repubblica.it
450,gismeteo.ru
451,behance.net
452,mit.edu
453,themeforest.net
454,camdolls.com
455,pandora.com
456,myanimelist.net
457,doublepimpssl.com
458,fedex.com
459,eskimi.com
460,t-online.de
461,google.lk
462,kooora.com
463,easypdfcombine.com
464,elmundo.es
465,fwbntw.com
466,mmoframes.com
467,evernote.com
468,patreon.com
469,wiley.com
470,seznam.cz
471,gyazo.com
472,patch.com
473,espncricinfo.com
474,dell.com
475,icicibank.com
476,rediff.com
477,upwork.com
478,banggood.com
479,ultimate-guitar.com
480,banvenez.com
481,ebay.it
482,goo.ne.jp
483,usatoday.com
484,marca.com
485,primosearch.com
486,ytimg.com
487,wish.com
488,wiktionary.org
489,jianshu.com
490,onedio.com
491,gamer.com.tw
492,shopify.com
493,cambridge.org
494,ebay.com.au
495,media.tumblr.com
496,digitalprivacyalert.org
497,lie2anyone.com
498,addthis.com
499,blogspot.mx
500,epochtimes.com
